ID; X; Y; Z
1;-0.003267575;1.10256;-0.03924027
2;-0.002420815;1.102503;-0.03924578
3;-0.00199881;1.102528;-0.0392607
4;-0.001117026;1.102577;-0.03945322
5;-0.0007143652;1.102608;-0.0395805
6;2.668831E-05;1.102683;-0.03926446
7;0.0004259394;1.102758;-0.03904209
8;0.0011636;1.102889;-0.03853497
9;0.001452175;1.102932;-0.03826052
10;0.001836367;1.103053;-0.03811688
11;0.002686098;1.103198;-0.03807309
12;0.003059088;1.103254;-0.03759288
13;0.00370981;1.103163;-0.03680325
14;0.004065827;1.103098;-0.03632729
15;0.004824142;1.102759;-0.03543745
16;0.005304679;1.102364;-0.03519243
17;0.006595695;1.101827;-0.03456233
18;0.007199484;1.101533;-0.0343156
19;0.007849241;1.101065;-0.03423617
20;0.009134679;1.099483;-0.03411891
21;0.009971982;1.098485;-0.03399821
22;0.01189486;1.095516;-0.0342786
23;0.01302712;1.093773;-0.03464303
24;0.01562436;1.090209;-0.03565763
25;0.01702355;1.088852;-0.03632479
26;0.01997976;1.086706;-0.03764963
27;0.02130497;1.085517;-0.03853178
28;0.02274859;1.084349;-0.03926115
29;0.02586029;1.08247;-0.04024538
30;0.02702781;1.081938;-0.04066953
31;0.02941204;1.081009;-0.04172474
32;0.03049077;1.080577;-0.04206105
33;0.03203068;1.080113;-0.04244889
34;0.03247584;1.080054;-0.04249796
35;0.03315627;1.080216;-0.0423836
36;0.03372105;1.081075;-0.04197227
37;0.03366721;1.081576;-0.04133813
38;0.03376674;1.082865;-0.03996051
39;0.03382682;1.083518;-0.03909469
40;0.03393837;1.084376;-0.03666753
41;0.0339337;1.084891;-0.03528333
42;0.03412639;1.086416;-0.03208363
43;0.03404376;1.08751;-0.03043212
44;0.03422588;1.088951;-0.02882858
45;0.0348355;1.090974;-0.02576168
46;0.03519382;1.09145;-0.02378246
47;0.03636827;1.092169;-0.01948816
48;0.03719106;1.092666;-0.01721995
49;0.03857295;1.094733;-0.01291458
50;0.03913362;1.096077;-0.01075105
51;0.03978508;1.099894;-0.006026642
52;0.0399867;1.102327;-0.003862765
53;0.04010447;1.105326;-0.002214395
54;0.03961566;1.111023;-0.0002236502
55;0.03858507;1.112256;0.0003152141
56;0.03709031;1.111927;0.003963625
57;0.0364405;1.111116;0.007019206
58;0.03536088;1.110592;0.01096941
59;0.03453838;1.110825;0.01172656
60;0.03377634;1.111298;0.01254255
61;0.03281311;1.112497;0.0140088
62;0.03237982;1.112794;0.01482883
63;0.03162641;1.113026;0.0171195
64;0.03135375;1.113336;0.01812229
65;0.03078283;1.114209;0.01972212
66;0.03045234;1.114483;0.02044348
67;0.0298239;1.115108;0.0219501
68;0.02952005;1.115153;0.02284571
69;0.0292321;1.115193;0.0237462
70;0.02835654;1.115195;0.0254148
71;0.0279772;1.115246;0.02608926
72;0.02739048;1.115087;0.02747588
73;0.02706183;1.114939;0.02809153
74;0.0267036;1.114984;0.02938106
75;0.02657817;1.114931;0.02974936
76;0.02644351;1.114004;0.03037811
77;0.02651088;1.113894;0.03046963
78;0.02663772;1.113802;0.03069891
79;0.02657711;1.114037;0.03040462
80;0.02645624;1.113773;0.03081412
81;0.02650869;1.113477;0.02998996
82;0.02653358;1.113157;0.02965446
83;0.0267428;1.112502;0.02818794
84;0.0268044;1.112352;0.02755879
85;0.02681338;1.11207;0.02701116
86;0.02687214;1.111436;0.02570851
87;0.02690632;1.111175;0.02498235
88;0.0272574;1.110137;0.0236036
89;0.02724988;1.10956;0.02304463
90;0.02729932;1.10874;0.02165851
91;0.02735844;1.108445;0.02075012
92;0.02739942;1.107853;0.01913779
93;0.02736844;1.107466;0.01844264
94;0.02743161;1.107029;0.01779434
95;0.02737185;1.106239;0.01647865
96;0.02725797;1.105934;0.01582273
97;0.02695797;1.105496;0.01460652
98;0.0267627;1.105215;0.01425332
99;0.02645515;1.104799;0.01362045
100;0.02641477;1.104614;0.01350916
101;0.0262327;1.104369;0.01322684
102;0.02601213;1.104351;0.01324098
103;0.02579745;1.104384;0.01328294
104;0.02532879;1.104212;0.01335765
105;0.02502836;1.104264;0.01375175
106;0.02431872;1.104599;0.01566705
107;0.02400947;1.104625;0.01675477
108;0.02319227;1.104439;0.01934334
109;0.02260411;1.10464;0.02112265
110;0.02203031;1.104983;0.02273352
111;0.02102189;1.106242;0.02605628
112;0.02075656;1.107011;0.0279771
113;0.02037903;1.108397;0.03204383
114;0.01993474;1.109101;0.0340764
115;0.0191057;1.110412;0.03798823
116;0.01871769;1.11094;0.04016665
117;0.01786165;1.111958;0.04427391
118;0.0176972;1.112407;0.04625597
119;0.0175779;1.112881;0.04816791
120;0.0168368;1.113418;0.0515496
121;0.01657275;1.113439;0.05300707
122;0.01577143;1.113267;0.05588834
123;0.01549201;1.113235;0.05695743
124;0.01510416;1.112988;0.05887432
125;0.01497999;1.112722;0.05985975
126;0.01449497;1.112265;0.06196887
127;0.01419829;1.112113;0.06309226
128;0.01388815;1.112073;0.06411202
129;0.01351543;1.112134;0.06653079
130;0.01346228;1.112252;0.06768385
131;0.01318209;1.112944;0.07014808
132;0.01287286;1.113331;0.07143325
133;0.01239618;1.114002;0.07417224
134;0.01206732;1.114346;0.07556233
135;0.01180611;1.11483;0.07689688
136;0.01158572;1.115727;0.07969148
137;0.01155707;1.116119;0.08110627
138;0.01138694;1.116295;0.08452971
139;0.01120391;1.116348;0.08631059
140;0.01088914;1.117031;0.08989038
141;0.01071423;1.117383;0.09157871
142;0.0109823;1.118252;0.09478358
143;0.0109745;1.118946;0.09626412
144;0.01095115;1.11964;0.09810665
145;0.01109941;1.121437;0.101133
146;0.01139207;1.12246;0.1025027
147;0.01206485;1.124258;0.1053991
148;0.01254269;1.125199;0.1067462
149;0.01340977;1.12758;0.1090028
150;0.01388174;1.128865;0.1099251
151;0.01501411;1.131326;0.1112282
152;0.01551154;1.132572;0.1117832
153;0.01620062;1.133868;0.1123037
154;0.01772115;1.136612;0.1125298
155;0.01864124;1.137929;0.1121706
156;0.02053232;1.139671;0.1116252
157;0.02142258;1.140299;0.1115637
158;0.02280482;1.141536;0.1111591
159;0.02345156;1.142054;0.1108769
160;0.02429585;1.142815;0.1104926
161;0.02598937;1.144505;0.109316
162;0.02690077;1.145276;0.1087206
163;0.02870756;1.146625;0.1079981
164;0.02957394;1.147298;0.107706
165;0.03112844;1.148951;0.1069885
166;0.03193332;1.149941;0.1062189
167;0.03373243;1.151753;0.1051791
168;0.03453133;1.152706;0.1047838
169;0.03528756;1.153826;0.1042154
170;0.036556;1.156401;0.1031588
171;0.03724786;1.157464;0.1028258
172;0.03843144;1.159045;0.1022898
173;0.03886807;1.160059;0.101728
174;0.0396277;1.162405;0.1004673
175;0.04004849;1.163491;0.100009
176;0.0409341;1.165552;0.09927158
177;0.04131545;1.166882;0.09871043
178;0.04159515;1.16831;0.09790438
179;0.0421758;1.171002;0.09641096
180;0.04251409;1.172349;0.09595969
181;0.0431654;1.174852;0.09476395
182;0.04349516;1.176051;0.09415711
183;0.04402591;1.178714;0.09308831
184;0.04416471;1.180016;0.09258825
185;0.04424908;1.181369;0.09191521
186;0.04437354;1.184491;0.09069003
187;0.04442408;1.185872;0.09010296
188;0.0446514;1.188554;0.08899903
189;0.044671;1.189852;0.08845915
190;0.04474541;1.192468;0.0866643
191;0.04482388;1.193828;0.08563596
192;0.0449246;1.196606;0.0841562
193;0.04493373;1.198117;0.08317663
194;0.04500511;1.199396;0.08245476
195;0.04509584;1.201797;0.08030575
196;0.04505691;1.202914;0.07919668
197;0.0450099;1.205229;0.07721314
198;0.04497356;1.206455;0.07618605
199;0.04487125;1.208925;0.07415719
200;0.04476891;1.210228;0.0728628
201;0.04465247;1.213041;0.07027578
202;0.04446939;1.21454;0.06867985
203;0.04421893;1.215781;0.06708313
204;0.04405893;1.217907;0.06473724
205;0.04397232;1.219094;0.06348946
206;0.04397989;1.221691;0.06102082
207;0.04405306;1.223015;0.05977979
208;0.0442804;1.224231;0.05719886
209;0.04460622;1.224822;0.05607179
210;0.0448221;1.225286;0.0549633
211;0.04506324;1.226399;0.05262126
212;0.04518257;1.226723;0.05141876
213;0.04538399;1.227823;0.0493267
214;0.04532449;1.228538;0.04796251
215;0.04526958;1.229711;0.04563903
216;0.04527606;1.230015;0.04469705
217;0.04552594;1.230778;0.04295052
218;0.04559785;1.231277;0.04210107
219;0.04565409;1.231809;0.04124015
220;0.04589299;1.233097;0.03967639
221;0.04605607;1.233686;0.03902341
222;0.04652864;1.234973;0.0378785
223;0.04673222;1.235669;0.03728369
224;0.04704113;1.237046;0.03616011
225;0.0472504;1.237861;0.03557599
226;0.04740892;1.239188;0.0346107
227;0.04748895;1.2397;0.03422095
228;0.04763073;1.240201;0.03379032
229;0.04786736;1.24117;0.03281471
230;0.04799735;1.241449;0.0324268
231;0.04811045;1.241929;0.03173882
232;0.04835571;1.242079;0.03162234
233;0.04879766;1.24258;0.03129684
234;0.04890787;1.242784;0.03110986
235;0.04889603;1.243;0.03094642
236;0.04908479;1.243773;0.03062553
237;0.04917128;1.244278;0.03046147
238;0.0494123;1.245178;0.03006142
239;0.04948548;1.245643;0.02991732
240;0.04971091;1.24659;0.02983874
241;0.04976102;1.247072;0.02976652
242;0.05007392;1.247889;0.0297093
243;0.05019262;1.248229;0.02967961
244;0.05043307;1.248734;0.02980541
245;0.05079355;1.249705;0.03008622
246;0.05091131;1.250085;0.03009881
247;0.05119993;1.250857;0.0300095
248;0.051326;1.2512;0.02995965
249;0.05150785;1.251692;0.02977837
250;0.05158528;1.252021;0.02963519
251;0.05190475;1.252652;0.029397
252;0.05212434;1.252877;0.02934545
253;0.05234984;1.253026;0.02938879
254;0.05277276;1.253456;0.02942036
255;0.05304073;1.253753;0.02936559
256;0.0534571;1.254417;0.02971605
257;0.05366623;1.254671;0.03001929
258;0.0542706;1.255298;0.03038517
259;0.05454485;1.255722;0.03054729
260;0.05479385;1.256175;0.03070344
261;0.05536636;1.257027;0.03114463
262;0.05540386;1.257462;0.0313954
263;0.05549403;1.25835;0.03217173
264;0.05574455;1.258895;0.03261522
265;0.05613712;1.259995;0.03361418
266;0.05628297;1.260569;0.03418359
267;0.05667283;1.261784;0.03530539
268;0.05668734;1.262303;0.03618776
269;0.05664144;1.262783;0.03711923
270;0.0569542;1.263909;0.03854063
271;0.05711121;1.2644;0.03922344
272;0.05723007;1.265465;0.04051529
273;0.05724454;1.266013;0.04108055
274;0.05683921;1.267018;0.04208356
275;0.05657559;1.267362;0.04265286
276;0.05639074;1.268067;0.04401759
277;0.05631824;1.268412;0.04461533
278;0.05616464;1.26892;0.04517581
279;0.05584003;1.269883;0.04633304
280;0.05564123;1.27046;0.04689056
281;0.05514968;1.271792;0.04827668
282;0.05502944;1.272533;0.04869992
283;0.05455951;1.27403;0.04941325
284;0.05436454;1.27477;0.04978354
285;0.05417518;1.275659;0.05007025
286;0.05339615;1.277601;0.0502847
287;0.05288606;1.278548;0.05037719
288;0.05228979;1.280593;0.05062404
289;0.05196037;1.281685;0.05077581
290;0.05124753;1.28395;0.05110298
291;0.05081812;1.285114;0.05123249
292;0.04987471;1.287554;0.05168514
293;0.04934654;1.288792;0.0518728
294;0.0489111;1.289924;0.05204357
295;0.04774572;1.292378;0.05235285
296;0.04715603;1.293636;0.05246504
297;0.04584568;1.296411;0.052456
298;0.04515746;1.297558;0.05254582
299;0.04385699;1.30001;0.05285557
300;0.04317441;1.30123;0.05299104
301;0.04161552;1.303827;0.05320835
302;0.04102585;1.305289;0.05331161
303;0.04029178;1.306678;0.05343511
304;0.03910066;1.309361;0.05404425
305;0.03851072;1.31073;0.05449216
306;0.03734683;1.31369;0.0550634
307;0.03669566;1.315158;0.05535031
308;0.03547257;1.318343;0.05576423
309;0.03497012;1.320104;0.05600954
310;0.0344945;1.321817;0.05629003
311;0.03353276;1.325163;0.05683093
312;0.03326144;1.326812;0.05717165
313;0.03276193;1.329938;0.0579667
314;0.03231223;1.331553;0.05836427
315;0.03159896;1.335299;0.0588251
316;0.03168926;1.33698;0.05905954
317;0.03160241;1.340412;0.05930086
318;0.03130883;1.342061;0.05933355
319;0.03101627;1.343542;0.05938127
320;0.030822;1.346134;0.05954504
321;0.03065712;1.347376;0.05972384
322;0.03024548;1.349914;0.05975984
323;0.02999251;1.35118;0.05979372
324;0.0296005;1.353546;0.05960162
325;0.02943243;1.354663;0.05951278
326;0.02943595;1.356465;0.05952103
327;0.02931446;1.357203;0.0594322
328;0.02932341;1.357799;0.0594186
329;0.02961154;1.358835;0.05953329
330;0.0297904;1.359428;0.05973014
331;0.02996363;1.359914;0.06020402
332;0.03012002;1.360084;0.06033807
333;0.03016242;1.360167;0.06078013
334;0.03026963;1.360261;0.06112267
335;0.03019134;1.360727;0.0617062
336;0.03025877;1.360565;0.06202817
337;0.03031581;1.36039;0.06229163
338;0.03049022;1.360201;0.06266529
339;0.03062178;1.360101;0.06281637
340;0.0309783;1.3601;0.06305824
341;0.03117972;1.360163;0.06311085
342;0.03157966;1.360317;0.06297572
343;0.03177292;1.360492;0.06287395
344;0.0319422;1.360721;0.06277834
345;0.03225582;1.361177;0.06278679
346;0.03232662;1.361538;0.06288236
347;0.03241983;1.362363;0.06313144
348;0.03247628;1.363221;0.06346431
349;0.03256648;1.364917;0.06322586
350;0.03268443;1.365636;0.06296454
351;0.03306563;1.367477;0.06262078
352;0.03334495;1.36828;0.0626403
353;0.03354737;1.369253;0.06252156
354;0.03406557;1.371281;0.06220558
355;0.03431695;1.372237;0.06204858
356;0.03471754;1.373937;0.0622687
357;0.0348661;1.37461;0.06241215
358;0.03491456;1.376339;0.06245437
359;0.03477867;1.377221;0.06240742
360;0.0348643;1.377814;0.0623453
361;0.03475528;1.378761;0.0628395
362;0.03472327;1.379012;0.06322018
363;0.03459111;1.380275;0.06352124
364;0.03454739;1.381168;0.0634056
365;0.0345742;1.38255;0.06333552
366;0.03459722;1.382999;0.06354594
367;0.0343773;1.383135;0.06403424
368;0.03427482;1.383344;0.06401502
369;0.03414353;1.383495;0.06377306
370;0.03383113;1.384163;0.06382968
371;0.03357451;1.384147;0.06378136
372;0.03329965;1.38356;0.0637089
373;0.03311937;1.383229;0.06363393
374;0.03268841;1.38306;0.06298837
375;0.03247046;1.383134;0.06269379
376;0.03221866;1.383053;0.06267626
377;0.03208809;1.382926;0.06284838
378;0.03187354;1.382756;0.06287044
379;0.03131993;1.382063;0.06217311
380;0.03101348;1.381795;0.06178434
381;0.03034838;1.381139;0.0613313
382;0.02999123;1.380661;0.06152216
383;0.02934129;1.380349;0.06142153
384;0.02911714;1.380555;0.06125296
385;0.02896146;1.380821;0.06118561
386;0.02845315;1.380894;0.06131984
387;0.02830346;1.381444;0.06164255
388;0.02811295;1.384006;0.06227419
389;0.02792134;1.384932;0.06232738
390;0.02789625;1.386401;0.0627436
391;0.02781974;1.386834;0.06335972
392;0.0276393;1.387798;0.06486147
393;0.02764169;1.388841;0.06538509
394;0.02761314;1.390003;0.06560915
395;0.0277145;1.392213;0.06650124
396;0.0278081;1.393031;0.06728103
397;0.02781078;1.394529;0.06908862
398;0.027791;1.395559;0.06978589
399;0.02783943;1.398056;0.07068526
400;0.0277894;1.399418;0.07115103
401;0.02765805;1.401198;0.07308399
402;0.02766393;1.401951;0.07421613
403;0.02749452;1.402781;0.07522362
404;0.02734727;1.405465;0.07664154
405;0.02730436;1.406858;0.07733957
406;0.02735637;1.409488;0.07890645
407;0.02740875;1.41055;0.07985131
408;0.02716241;1.412081;0.08168129
409;0.02708555;1.413023;0.08236176
410;0.02697683;1.414039;0.08289373
411;0.02670855;1.415132;0.0843352
412;0.02645258;1.415365;0.08528178
413;0.02589331;1.416003;0.08698563
414;0.02576535;1.41663;0.08759849
415;0.02541663;1.41836;0.08891091
416;0.02519621;1.419018;0.08968099
417;0.02474406;1.42042;0.09102771
418;0.02473414;1.421305;0.09139313
419;0.02472934;1.422307;0.09159148
420;0.02456355;1.423579;0.09209294
421;0.02445283;1.423851;0.09264446
422;0.02462346;1.424503;0.09356257
423;0.02476073;1.425286;0.09347416
424;0.02471883;1.426683;0.09348463
425;0.02465871;1.426865;0.09387816
426;0.02465324;1.426838;0.0950927
427;0.02463976;1.426914;0.09544485
428;0.02457077;1.42714;0.09528203
429;0.024508;1.4276;0.09544021
430;0.02435203;1.427622;0.09521318
431;0.02398144;1.427392;0.09513918
432;0.02381699;1.427174;0.09526344
433;0.02352474;1.426988;0.09526569
434;0.02337946;1.427037;0.09509133
435;0.02334073;1.427173;0.09488896
436;0.02347324;1.427036;0.09517696
437;0.02350785;1.426708;0.0957982
438;0.02423781;1.426274;0.09686898
439;0.0244978;1.426367;0.09677931
440;0.02473799;1.426212;0.09696762
441;0.0248482;1.426215;0.09695778
442;0.02502474;1.426183;0.09712785
443;0.02506874;1.426231;0.09715439
444;0.02501641;1.426229;0.09710406
445;0.02496959;1.426224;0.09664828
446;0.02499224;1.426179;0.09637554
447;0.02502964;1.425943;0.09617485
448;0.02496649;1.425833;0.0962536
449;0.02484768;1.425997;0.09613507
450;0.02487734;1.426263;0.09591506
451;0.02493991;1.427039;0.09541281
452;0.0247649;1.427826;0.09506077
453;0.02477771;1.428072;0.09490165
454;0.02482023;1.428577;0.09426416
455;0.02483893;1.428957;0.09375513
456;0.02484273;1.429548;0.09315295
457;0.02493756;1.429636;0.09299448
458;0.02521533;1.429649;0.09276475
459;0.02520914;1.429963;0.09247086
460;0.02546141;1.430067;0.09224712
461;0.02554738;1.430012;0.09214181
462;0.02565178;1.429831;0.09201624
463;0.02590504;1.42931;0.09183474
464;0.02603264;1.429032;0.09159973
465;0.02614463;1.428342;0.09086739
466;0.02627735;1.428075;0.09073905
467;0.02637471;1.427402;0.09080573
468;0.02638188;1.42702;0.09088005
469;0.026372;1.426794;0.09085216
470;0.02649415;1.426409;0.09053622
471;0.02653381;1.426273;0.09041001
472;0.02655443;1.425722;0.09062219
473;0.02652569;1.425306;0.09087174
474;0.02641449;1.425012;0.09093681
475;0.02631416;1.424993;0.09086246
476;0.02604329;1.424952;0.09085517
477;0.02585583;1.424915;0.09098119
478;0.02572059;1.424878;0.09106841
479;0.02547406;1.424706;0.09109745
480;0.02533971;1.424485;0.09112556
481;0.02514658;1.423728;0.09140263
482;0.02509488;1.423211;0.09180742
483;0.02484587;1.422946;0.09206533
484;0.02477195;1.42298;0.0922554
485;0.02472586;1.423096;0.09238458
486;0.02478187;1.423498;0.09264521
487;0.02474077;1.423633;0.09283604
488;0.0245498;1.423783;0.09320053
489;0.02445339;1.423918;0.09329381
490;0.02442968;1.424363;0.09328843
491;0.02442637;1.424511;0.09337027
492;0.02429617;1.424479;0.09379747
493;0.02425358;1.424484;0.09406275
494;0.02426559;1.424608;0.09428498
495;0.02428969;1.425074;0.09442857
496;0.02427304;1.425279;0.09459071
497;0.02424756;1.425388;0.09526229
498;0.02427515;1.425259;0.09572051
499;0.02406963;1.425483;0.09664495
500;0.02401187;1.426115;0.09653409
501;0.02405624;1.427115;0.09677158
502;0.02382217;1.427523;0.09706242
503;0.02365403;1.427841;0.09731114
504;0.02394082;1.428698;0.09753568
505;0.02405025;1.42903;0.09746038
506;0.0234248;1.429402;0.09727772
507;0.02318137;1.429362;0.09750594
508;0.02306706;1.429414;0.09823497
509;0.02294167;1.429296;0.09865666
510;0.02277452;1.429376;0.09902462
511;0.0227854;1.429456;0.09912013
512;0.02292476;1.429415;0.0993831
513;0.0233287;1.429338;0.1000439
514;0.02346209;1.429373;0.1002708
515;0.02355919;1.429667;0.1004654
516;0.02360328;1.429899;0.1004359
517;0.02373467;1.430426;0.1003227
518;0.02373658;1.430539;0.1004167
519;0.02369993;1.4305;0.100598
520;0.02379023;1.430434;0.100893
521;0.02395535;1.430427;0.1009681
522;0.02438611;1.430463;0.1010895
523;0.02463249;1.430414;0.1011745
524;0.02514862;1.430521;0.1012136
525;0.02547411;1.430739;0.1011231
526;0.02646424;1.431867;0.1003984
527;0.02689083;1.432107;0.1002209
528;0.02736726;1.432081;0.1001137
529;0.02822059;1.431953;0.09987858
530;0.02862333;1.431847;0.09974983
531;0.02939265;1.431909;0.09921748
532;0.02969565;1.431707;0.0989712
533;0.03028079;1.431479;0.09862328
534;0.03066986;1.431502;0.09846554
535;0.03112013;1.431443;0.09840854
536;0.03201707;1.431536;0.09796987
537;0.03243187;1.431543;0.09767614
538;0.03303228;1.431493;0.09740391
539;0.03323153;1.431462;0.09726925
540;0.03373129;1.43192;0.09686337
541;0.03397896;1.432254;0.09639036
542;0.03455627;1.432727;0.09559244
543;0.03476864;1.432615;0.09548371
544;0.03493484;1.432216;0.095562
545;0.03521949;1.43122;0.09538341
546;0.03540748;1.43095;0.09506371
547;0.03588881;1.429934;0.09440847
548;0.03596581;1.429358;0.09411614
549;0.03606916;1.428002;0.09354338
550;0.03603041;1.427693;0.09305786
551;0.03607665;1.427645;0.09170533
552;0.03612379;1.427617;0.09101181
553;0.03630162;1.427353;0.09053623
554;0.0365591;1.426171;0.09031534
555;0.03668316;1.425582;0.09028461
556;0.036813;1.424535;0.08978236
557;0.03694794;1.423993;0.08947145
558;0.03712711;1.423444;0.08904721
559;0.03708963;1.423273;0.0889597
560;0.03703487;1.423301;0.08866115
561;0.03713209;1.422897;0.08841495
562;0.036977;1.42301;0.08808153
563;0.03671701;1.423119;0.08750181
564;0.03669297;1.423103;0.08741067
565;0.03672386;1.423067;0.08755434
566;0.03676244;1.423097;0.08750185
567;0.03692245;1.423008;0.08731782
568;0.03713498;1.422804;0.08741336
569;0.03735673;1.422562;0.08761279
570;0.0376732;1.422457;0.08773638
571;0.03782434;1.422638;0.08764873
572;0.03819134;1.423173;0.08724727
573;0.03834538;1.423341;0.08713286
574;0.03848751;1.423584;0.08709
575;0.03852471;1.423787;0.08701413
576;0.03859466;1.423933;0.08676939
577;0.03863573;1.423854;0.08667658
578;0.03869142;1.423722;0.08665103
579;0.03885939;1.423584;0.08650724
580;0.03898913;1.423584;0.08637416
581;0.03924105;1.42335;0.08621991
582;0.03929314;1.423192;0.08628879
583;0.03926576;1.42295;0.08682528
584;0.03921771;1.422984;0.08702015
585;0.0389368;1.423325;0.08716491
586;0.03863501;1.423521;0.08718576
587;0.03832112;1.42369;0.08731254
588;0.03775971;1.424239;0.08776209
589;0.03746548;1.424977;0.08774664
590;0.0373604;1.425533;0.0877695
591;0.03736952;1.425766;0.08792057
592;0.03745921;1.426372;0.08818553
593;0.03746935;1.426788;0.08807281
594;0.0373759;1.427001;0.08790855
595;0.03726669;1.427386;0.08787554
596;0.03719005;1.427378;0.08784226
597;0.03679912;1.426995;0.08813851
598;0.03641695;1.426901;0.08819789
599;0.03551213;1.426859;0.08822902
600;0.03489007;1.426834;0.08838424
601;0.03416969;1.427018;0.08867762
602;0.03392644;1.42724;0.08877488
603;0.03361901;1.427534;0.08866674
604;0.03339326;1.427744;0.08870337
605;0.03325871;1.427763;0.08889516
606;0.03282715;1.428078;0.08888608
607;0.03269189;1.42826;0.08880364
608;0.03239246;1.428179;0.08877815
609;0.03227139;1.428037;0.08890231
610;0.03192978;1.427815;0.08904302
611;0.03177301;1.427881;0.08896016
612;0.03153205;1.427978;0.08885057
613;0.03089369;1.427884;0.08885937
614;0.03055579;1.427723;0.08899134
615;0.0298592;1.428241;0.08869482
616;0.02980443;1.428539;0.08853763
617;0.02978029;1.428613;0.08853251
618;0.02993928;1.428702;0.08848222
619;0.03016405;1.428683;0.08851349
620;0.0305641;1.4287;0.08855823
621;0.03073333;1.42889;0.08850063
622;0.03099637;1.429657;0.08815042
623;0.03089888;1.430653;0.08756319
624;0.03086878;1.43149;0.08686879
625;0.03085727;1.43166;0.08646257
626;0.03081072;1.431416;0.0858589
627;0.03077977;1.43092;0.08575205
628;0.03066876;1.430481;0.0857083
629;0.03063533;1.429924;0.08562294
630;0.03032757;1.42877;0.08602595
631;0.02981619;1.428082;0.08590601
632;0.02960605;1.427961;0.085864
633;0.02910797;1.427583;0.08601234
634;0.0288341;1.427411;0.08581958
635;0.02824176;1.42729;0.08545136
636;0.02802917;1.427042;0.08541539
637;0.0277877;1.426787;0.08561745
638;0.02722749;1.426305;0.08619019
639;0.02684161;1.426151;0.08633856
640;0.02640644;1.426132;0.08650252
641;0.02632665;1.426026;0.08677275
642;0.02582718;1.425454;0.08764736
643;0.0255862;1.425407;0.0880587
644;0.02534284;1.425561;0.08831054
645;0.02514594;1.426209;0.08841792
646;0.02507807;1.426417;0.08838485
647;0.02477571;1.426181;0.08892753
648;0.02477331;1.425348;0.09003496
649;0.02444768;1.425584;0.09041837
650;0.02435624;1.425802;0.09013652
651;0.02417573;1.425762;0.09038099
652;0.02416853;1.425865;0.09029105
653;0.02414724;1.425873;0.09040312
654;0.02411791;1.425879;0.09081461
655;0.02411886;1.426093;0.09082065
656;0.02427257;1.42664;0.0905906
657;0.02439673;1.426856;0.09055342
658;0.02463558;1.427725;0.09012573
659;0.02490931;1.42885;0.08934176
660;0.02518498;1.429213;0.08960361
661;0.02533776;1.429021;0.09003864
662;0.02544471;1.429521;0.08982144
663;0.02603712;1.429663;0.09061956
664;0.02629349;1.429892;0.09058648
665;0.02679359;1.430368;0.09073485
666;0.02699677;1.43043;0.09086227
667;0.02752019;1.431285;0.09068407
668;0.02783813;1.431506;0.09055094
669;0.02819302;1.43155;0.09053884
670;0.02908842;1.431502;0.09044697
671;0.02941607;1.431443;0.0903476
672;0.03013559;1.431244;0.09000234
673;0.03050281;1.431077;0.08969368
674;0.03138845;1.430671;0.08906212
675;0.0317906;1.430304;0.08885686
676;0.03230726;1.429659;0.08846795
677;0.03263905;1.429504;0.08808538
678;0.03285613;1.429396;0.08772561
679;0.03342687;1.429021;0.08694553
680;0.03363631;1.428725;0.08674008
681;0.03399603;1.427928;0.08640985
682;0.03412026;1.427337;0.08648481
683;0.03439025;1.425923;0.08631533
684;0.03446738;1.425074;0.08605263
685;0.03457274;1.42374;0.08582289
686;0.03487512;1.420327;0.0855438
687;0.03495071;1.418152;0.08540638
688;0.03503876;1.413461;0.08501707
689;0.0350589;1.410892;0.08471745
690;0.03514059;1.40541;0.08397875
691;0.03519427;1.402564;0.0838009
692;0.03514737;1.39693;0.0834743
693;0.03519243;1.394229;0.08330426
694;0.03515036;1.391747;0.08310933
695;0.03499703;1.386226;0.08335152
696;0.03491591;1.383159;0.08371768
697;0.03468749;1.376699;0.08456824
698;0.03448635;1.373183;0.08496092
699;0.03414708;1.365005;0.08574769
700;0.03402758;1.360577;0.08637688
701;0.03367204;1.351291;0.08723986
702;0.03353648;1.346734;0.08742893
703;0.03337158;1.341989;0.08751548
704;0.03329155;1.332321;0.08780371
705;0.03338221;1.327453;0.08791207
706;0.03354741;1.318162;0.08844797
707;0.03369217;1.313724;0.08882666
708;0.03412705;1.304519;0.08906566
709;0.03430719;1.299858;0.08926414
710;0.03442013;1.295068;0.08973667
711;0.0345839;1.285414;0.09090535
712;0.0345845;1.281057;0.0912825
713;0.03448214;1.272725;0.09168401
714;0.03443485;1.268492;0.09168673
715;0.03445279;1.259603;0.09168986
716;0.03440419;1.254587;0.09182405
717;0.03442142;1.249311;0.09208016
718;0.03446542;1.23875;0.09205495
719;0.03444336;1.233804;0.09191276
720;0.03452886;1.223595;0.09142628
721;0.03467597;1.218554;0.09100822
722;0.03480312;1.207952;0.08995363
723;0.03486801;1.20259;0.08952986
724;0.03508742;1.192863;0.08851275
725;0.03528687;1.188406;0.0878595
726;0.03542399;1.179468;0.08640909
727;0.03553543;1.175161;0.08581445
728;0.03558758;1.171248;0.08511252
729;0.03572008;1.165095;0.08286656
730;0.03573874;1.162746;0.08141553
731;0.03569192;1.157415;0.07890555
732;0.03579916;1.154222;0.07804455
733;0.03616746;1.147682;0.07630623
734;0.03643106;1.144578;0.07513691
735;0.03674806;1.138683;0.07258416
736;0.03677199;1.135648;0.071454
737;0.03690322;1.132706;0.07028525
738;0.0374625;1.127479;0.06690261
739;0.03778069;1.125294;0.06482677
740;0.03838124;1.120492;0.06050667
741;0.03870401;1.118122;0.05837713
742;0.03951023;1.114212;0.05325083
743;0.03980231;1.112568;0.05012878
744;0.04022226;1.110988;0.04711631
745;0.04096745;1.107272;0.04182899
746;0.04138347;1.105813;0.03925972
747;0.04211427;1.103374;0.03418639
748;0.04221899;1.102402;0.03216347
749;0.04233924;1.100674;0.02881303
750;0.0424013;1.100258;0.02720033
751;0.04254878;1.099879;0.02390433
752;0.04263492;1.099648;0.02248003
753;0.0426606;1.099282;0.0215503
754;0.04240091;1.098325;0.02029849
755;0.04205133;1.098039;0.01961494
756;0.04195045;1.097618;0.01827328
757;0.04206609;1.097451;0.01759562
758;0.042331;1.097438;0.01582311
759;0.0424061;1.097495;0.01453446
760;0.04258108;1.097129;0.01196605
761;0.04265931;1.096715;0.01064611
762;0.04264355;1.096169;0.009459074
763;0.04229987;1.095218;0.007005339
764;0.04199629;1.094764;0.005785361
765;0.04119572;1.094095;0.003459816
766;0.04083547;1.093696;0.002146421
767;0.04014549;1.093162;-0.0001390364
768;0.03988422;1.09294;-0.001234229
769;0.03946186;1.092758;-0.002285695
770;0.03859648;1.092263;-0.004484079
771;0.03812803;1.092018;-0.005489595
772;0.03745729;1.09184;-0.007667649
773;0.03701398;1.091735;-0.008795312
774;0.03618878;1.091593;-0.01072444
775;0.03566778;1.091413;-0.01157925
776;0.03481889;1.09109;-0.01324179
777;0.03437845;1.09099;-0.01399864
778;0.03397289;1.090966;-0.01489839
779;0.03305755;1.090827;-0.01655394
780;0.03248078;1.090775;-0.01715168
781;0.03156566;1.09067;-0.01809537
782;0.03109747;1.090628;-0.01855944
783;0.03011755;1.09052;-0.01943394
784;0.02963919;1.090429;-0.01982995
785;0.02915078;1.090312;-0.02019858
786;0.02824203;1.090136;-0.02077463
787;0.02780357;1.090033;-0.02096374
788;0.02680579;1.089981;-0.02148411
789;0.02624943;1.089977;-0.02174428
790;0.02509372;1.089965;-0.02226709
791;0.02443211;1.089923;-0.02260991
792;0.02328492;1.089946;-0.02334085
793;0.02274712;1.089939;-0.02368181
794;0.02219778;1.089962;-0.02416974
795;0.02101711;1.08987;-0.02496494
796;0.02043138;1.089839;-0.02535562
797;0.01928095;1.089726;-0.02611418
798;0.0188861;1.08968;-0.02646362
799;0.01806619;1.089694;-0.02732076
800;0.01764481;1.089647;-0.02781069
801;0.01666242;1.089514;-0.02898545
802;0.01621925;1.089498;-0.02929985
803;0.01571435;1.089392;-0.02951615
804;0.01505647;1.088595;-0.02937984
805;0.01476789;1.087879;-0.02887895
806;0.01363414;1.08603;-0.02660704
807;0.01329233;1.085775;-0.02596818
808;0.01254489;1.087144;-0.02596519
809;0.01187037;1.087991;-0.02592457
810;0.01057887;1.088339;-0.02358753
811;0.009982776;1.088315;-0.02182784
812;0.009168485;1.088793;-0.0199904
813;0.007947305;1.090378;-0.01553537
814;0.007232705;1.091217;-0.01259728
815;0.005564736;1.092787;-0.005383132
816;0.004824698;1.093803;-0.001119928
817;0.003338568;1.097476;0.007679871
818;0.002599871;1.100077;0.01245072
819;0.001891793;1.103452;0.01769185
820;0.0005643493;1.112834;0.02853496
821;-0.0001204666;1.119116;0.03388713
822;-0.001439331;1.134005;0.04428308
823;-0.002079214;1.142166;0.04924453
824;-0.003408835;1.160101;0.05933893
825;-0.003759718;1.170065;0.06335609
826;-0.004257596;1.19052;0.07273715
827;-0.004523815;1.200328;0.07735248
828;-0.005091823;1.210808;0.08168466
829;-0.006423365;1.235039;0.08829647
830;-0.006930397;1.24753;0.09118247
831;-0.007385722;1.272246;0.09760178
832;-0.007685998;1.284095;0.1008703
833;-0.007757148;1.308255;0.1064097
834;-0.00741655;1.32006;0.1081405
835;-0.007122691;1.342688;0.1117582
836;-0.006651172;1.353652;0.1139502
837;-0.006289511;1.364367;0.1160781
838;-0.006361842;1.382975;0.1187822
839;-0.006337954;1.391655;0.1205106
840;-0.005725016;1.407487;0.1250379
841;-0.005325987;1.414961;0.1269471
842;-0.004874472;1.428432;0.1286541
843;-0.004668377;1.434496;0.1290057
844;-0.004284031;1.440045;0.1294577
845;-0.00269594;1.449628;0.129961
846;-0.001913093;1.453418;0.1301102
847;-0.0003066386;1.458759;0.13065
848;0.0004356936;1.461139;0.1311546
849;0.00220829;1.466492;0.1319135
850;0.002744474;1.468941;0.1319509
851;0.003441896;1.473722;0.1321834
852;0.003848745;1.475244;0.1323821
853;0.004483881;1.476455;0.1327023
854;0.005255619;1.477715;0.1334109
855;0.005418223;1.478144;0.1337875
856;0.005607749;1.477736;0.1344926
857;0.005699002;1.477036;0.1349792
858;0.005648488;1.476217;0.1358759
859;0.005627412;1.475798;0.1362547
860;0.005736423;1.47564;0.1362589
861;0.005884395;1.475581;0.1360102
862;0.005878362;1.4754;0.135814
863;0.005938155;1.474621;0.1361765
864;0.005973653;1.473672;0.1361179
865;0.00580412;1.472824;0.1356327
866;0.005670213;1.472444;0.1355948
867;0.005695401;1.471936;0.1360235
868;0.005750435;1.472091;0.1361723
869;0.005804531;1.471773;0.1361793
870;0.005721082;1.473166;0.1360383
871;0.005546981;1.474108;0.1355353
872;0.00514259;1.476125;0.1342447
873;0.004986894;1.476726;0.1340397
874;0.004656162;1.477998;0.1332006
875;0.004381422;1.478667;0.1327232
876;0.003994744;1.479242;0.1320494
877;0.003977427;1.479769;0.1317725
878;0.003872177;1.480682;0.1313081
879;0.003389251;1.482322;0.1298696
880;0.003139079;1.482426;0.129348
881;0.002716323;1.481035;0.1291638
882;0.002649513;1.480078;0.1293729
883;0.002431033;1.478677;0.1290974
884;0.002068179;1.478192;0.1288378
885;0.00149295;1.477258;0.1288537
886;0.001165509;1.47667;0.1290357
887;0.0009420811;1.476307;0.1292114
888;0.00018141;1.476018;0.1293193
889;-0.0001554635;1.476199;0.1293262
890;-0.0009125109;1.475981;0.1299616
891;-0.001247765;1.475837;0.1304818
892;-0.001977253;1.476039;0.1311679
893;-0.002416897;1.476521;0.1312789
894;-0.002698414;1.476976;0.1312514
895;-0.003012279;1.477718;0.1309386
896;-0.003111714;1.47791;0.1307214
897;-0.003502892;1.478124;0.1303243
898;-0.003744492;1.478406;0.1303811
899;-0.003830617;1.478372;0.1299282
900;-0.003913354;1.478386;0.1298233
901;-0.004010014;1.478643;0.1294958
902;-0.004025771;1.478908;0.1293051
903;-0.004044005;1.479313;0.1291029
904;-0.003924785;1.48073;0.1288002
905;-0.003885312;1.480953;0.1288165
906;-0.003600767;1.481428;0.1285967
907;-0.003449725;1.481727;0.1285397
908;-0.002816213;1.482172;0.1284708
909;-0.002622732;1.48228;0.1283947
910;-0.002091884;1.48219;0.1282996
911;-0.00175384;1.482243;0.1282548
912;-0.001526424;1.482438;0.128145
913;-0.0008792753;1.482727;0.1278976
914;-0.0005597235;1.482775;0.1277924
915;-4.271793E-05;1.482426;0.1280371
916;0.0001348423;1.482399;0.1282261
917;0.0005271191;1.482517;0.1281033
918;0.0007335747;1.482531;0.1280731
919;0.0009199427;1.482512;0.1280926
920;0.001471526;1.482426;0.1286205
921;0.001808462;1.482506;0.1289551
922;0.002307285;1.483116;0.1289039
923;0.002726846;1.484038;0.1281566
924;0.003211622;1.484293;0.1281504
925;0.003349574;1.484202;0.1284035
926;0.003782024;1.484504;0.1283444
927;0.004004105;1.484564;0.1283365
928;0.004315663;1.484614;0.1283193
929;0.004928716;1.484547;0.1285267
930;0.005076042;1.484231;0.1288489
931;0.005184365;1.483313;0.1300818
932;0.005171366;1.483205;0.1303898
933;0.005112873;1.483125;0.1308478
934;0.005147071;1.483088;0.1309935
935;0.005168451;1.482922;0.1314455
936;0.00517334;1.48298;0.1316717
937;0.005203046;1.483132;0.1318634
938;0.005361964;1.483546;0.1320108
939;0.005415416;1.483787;0.1320906
940;0.005387267;1.484346;0.1325792
941;0.005370066;1.484788;0.1328609
942;0.005382029;1.486798;0.1327763
943;0.005274964;1.487503;0.1327406
944;0.005350813;1.487995;0.1329771
945;0.005322936;1.489037;0.1334502
946;0.005312453;1.489749;0.1335551
947;0.005257574;1.491345;0.1333881
948;0.005251286;1.491857;0.1332866
949;0.005299389;1.49252;0.1333922
950;0.005323387;1.49296;0.1334143
951;0.005344381;1.493835;0.1331543
952;0.005300081;1.494218;0.1331789
953;0.005179892;1.494454;0.1334075
954;0.005325278;1.495042;0.1335598
955;0.005469361;1.495149;0.1337695
956;0.005824018;1.49498;0.1342657
957;0.005967494;1.494722;0.1344049
958;0.006064525;1.494391;0.1345357
959;0.006181024;1.493462;0.1350541
960;0.006181024;1.493462;0.1350541
961;0.00605437;1.492705;0.1355514
962;0.006160054;1.491618;0.1359852
963;0.006138975;1.490269;0.1368003
964;0.006017993;1.490077;0.1372187
965;0.005992548;1.490307;0.1373221
966;0.006007086;1.489795;0.1374277
967;0.006079756;1.489871;0.1371713
968;0.006149874;1.489865;0.1370907
969;0.006243837;1.489883;0.1370854
970;0.006327988;1.489998;0.1373001
971;0.006286696;1.490125;0.1373458
972;0.006075715;1.490808;0.1371188
973;0.005983947;1.49133;0.1369223
974;0.005481827;1.493481;0.1360516
975;0.005226148;1.494749;0.1356881
976;0.005247572;1.49619;0.1354244
977;0.00533868;1.497045;0.1355283
978;0.00521617;1.497681;0.1353228
979;0.004849309;1.499637;0.134947
980;0.004551679;1.500503;0.1346956
981;0.003884345;1.501894;0.1342395
982;0.003522211;1.502547;0.1340943
983;0.002815089;1.503099;0.133703
984;0.002454055;1.50337;0.1334857
985;0.001721161;1.50323;0.1330236
986;0.001553782;1.503259;0.1329727
987;0.001225802;1.502952;0.1329927
988;0.0008037927;1.503598;0.1325802
989;0.0006332312;1.503301;0.1322268
990;0.0002207275;1.502626;0.1322692
991;-0.0001304307;1.502354;0.132526
992;-0.0008019639;1.501407;0.1326819
993;-0.001262372;1.50098;0.1327376
994;-0.002287128;1.500901;0.132216
995;-0.002813387;1.501063;0.1317959
996;-0.003271313;1.500951;0.1315442
997;-0.003953569;1.500413;0.131138
998;-0.004312352;1.500271;0.1310017
999;-0.005185447;1.499912;0.130666
1000;-0.005657108;1.499857;0.1305408
1001;-0.006531565;1.500419;0.1303223
1002;-0.00698898;1.500523;0.1303752
1003;-0.007364521;1.500695;0.1305008
1004;-0.008391501;1.501151;0.1305767
1005;-0.008900411;1.501304;0.1306212
1006;-0.009626606;1.501299;0.130645
1007;-0.009896506;1.501105;0.1308007
1008;-0.0104568;1.501343;0.1309598
1009;-0.01067085;1.501239;0.1307786
1010;-0.01107225;1.50122;0.1308451
1011;-0.01109971;1.501032;0.1308928
1012;-0.01096448;1.500872;0.1310503
1013;-0.010648;1.500908;0.1312191
1014;-0.01051307;1.501131;0.1311899
1015;-0.01040046;1.501497;0.1313003
1016;-0.01044325;1.50155;0.1315809
1017;-0.0104833;1.502087;0.1322296
1018;-0.01042505;1.502692;0.1324354
1019;-0.01034275;1.504268;0.1321633
1020;-0.0103307;1.504991;0.132295
1021;-0.01017738;1.505278;0.1324367
1022;-0.00976942;1.506114;0.1327042
1023;-0.009706648;1.506361;0.1327571
1024;-0.00958939;1.506721;0.1333277
1025;-0.009616869;1.506879;0.1338938
1026;-0.00953268;1.50752;0.1342067
1027;-0.009639592;1.507972;0.134217
1028;-0.009682341;1.508104;0.1342162
1029;-0.009623493;1.508566;0.1346633
1030;-0.00963423;1.508739;0.1348825
1031;-0.009721936;1.508949;0.1355571
1032;-0.009923332;1.509252;0.1357428
1033;-0.01001406;1.509963;0.1360074
1034;-0.01003664;1.510114;0.1363008
1035;-0.01018736;1.510628;0.1370672
1036;-0.01027946;1.511036;0.1374059
1037;-0.01032059;1.511372;0.1375434
1038;-0.01027969;1.511686;0.1378059
1039;-0.0101354;1.511732;0.1380149
1040;-0.01011493;1.511977;0.1384383
1041;-0.01003678;1.51188;0.1386715
1042;-0.009826418;1.511855;0.1390288
1043;-0.009681996;1.511897;0.1391451
1044;-0.009428811;1.511817;0.1393264
1045;-0.008696685;1.511169;0.1404477
1046;-0.008394779;1.511143;0.1410517
1047;-0.007821379;1.51135;0.1418117
1048;-0.007544981;1.511468;0.1423012
1049;-0.007111069;1.511198;0.1434116
1050;-0.006805748;1.511163;0.1439487
1051;-0.006206641;1.511092;0.1446674
1052;-0.005750749;1.511004;0.1449288
1053;-0.005349239;1.511006;0.1451589
1054;-0.004557257;1.511235;0.1456726
1055;-0.004194962;1.511141;0.146023
1056;-0.003317485;1.510997;0.1471047
1057;-0.00293591;1.510953;0.1475852
1058;-0.002095552;1.511009;0.1481977
1059;-0.001619772;1.510853;0.1485209
1060;-0.0005840294;1.510693;0.1491093
1061;-9.792788E-05;1.510683;0.1492868
1062;0.0004915857;1.510622;0.1494754
1063;0.001429565;1.510881;0.1495613
1064;0.001990131;1.511054;0.1496897
1065;0.002888325;1.511122;0.1503209
1066;0.003422489;1.51121;0.1506924
1067;0.004448725;1.512041;0.1511859
1068;0.00479589;1.512534;0.1512186
1069;0.005193986;1.51299;0.1512677
1070;0.005839214;1.513453;0.1515294
1071;0.006052896;1.513744;0.1516475
1072;0.006485219;1.514385;0.1515949
1073;0.006780679;1.514681;0.1515788
1074;0.007180615;1.514616;0.1519951
1075;0.00735643;1.514788;0.1522239
1076;0.007700867;1.51543;0.1523023
1077;0.007779974;1.515747;0.1523703
1078;0.007881403;1.516123;0.1523635
1079;0.007908597;1.516692;0.1523942
1080;0.007958665;1.516797;0.1523772
1081;0.008057246;1.516604;0.1524046
1082;0.00815508;1.516528;0.1522767
1083;0.008403399;1.516384;0.1517614
1084;0.008478782;1.516191;0.1515049
1085;0.008566805;1.515992;0.15129
1086;0.008548031;1.515327;0.1508951
1087;0.008490714;1.514961;0.1505983
1088;0.008341858;1.513698;0.1498905
1089;0.008324886;1.513384;0.1496678
1090;0.008375965;1.512759;0.1492227
1091;0.008340182;1.512456;0.148872
1092;0.008222438;1.511935;0.1482065
1093;0.008165187;1.511589;0.1479834
1094;0.008028257;1.511372;0.1478152
1095;0.007597362;1.511333;0.1472615
1096;0.007516918;1.511219;0.1469071
1097;0.007480068;1.510888;0.1465206
1098;0.007395484;1.510427;0.1464438
1099;0.007101385;1.510139;0.1459697
1100;0.006861959;1.509914;0.1458477
1101;0.006360296;1.509658;0.1455912
1102;0.006113827;1.509514;0.1455248
1103;0.005904941;1.509463;0.1454735
1104;0.005530394;1.509721;0.1452181
1105;0.005270969;1.510006;0.1449784
1106;0.004742159;1.511304;0.1439039
1107;0.00448204;1.511443;0.1437043
1108;0.004123706;1.511454;0.143828
1109;0.003953144;1.511541;0.144039
1110;0.003722204;1.511777;0.1437765
1111;0.003554919;1.512221;0.1442667
1112;0.003506268;1.512608;0.1443212
1113;0.003266722;1.513106;0.1444
1114;0.003037419;1.513185;0.1444294
1115;0.002621286;1.513267;0.1444427
1116;0.002529482;1.513285;0.1444064
1117;0.002312623;1.5131;0.1442283
1118;0.002175919;1.512878;0.1443349
1119;0.002065984;1.512599;0.1445709
1120;0.001944759;1.512116;0.1450715
1121;0.001830233;1.511959;0.1453871
1122;0.001481879;1.512285;0.1457462
1123;0.001302861;1.51267;0.1456786
1124;0.00085475;1.513365;0.1452715
1125;0.0006281608;1.513465;0.1452188
1126;0.0001572268;1.513144;0.1457458
1127;-2.683062E-05;1.513009;0.1460577
1128;-0.0001724958;1.512953;0.1463001
1129;-0.0003661399;1.513057;0.146679
1130;-0.0004669908;1.513085;0.1468921
1131;-0.0007151094;1.51269;0.1481866
1132;-0.0008362651;1.51299;0.1484509
1133;-0.0008689256;1.513645;0.1484018
1134;-0.0009644236;1.513455;0.1487955
1135;-0.0009105648;1.513601;0.1488155
1136;-0.0006597874;1.513489;0.1489778
1137;-0.0005244032;1.51341;0.1490929
1138;-0.0002241795;1.513229;0.1490827
1139;-7.84707E-05;1.513182;0.1489592
1140;0.0001331076;1.513314;0.14858
1141;0.000118232;1.513358;0.1485703
1142;-9.431767E-05;1.5132;0.1492188
1143;-0.0002583525;1.513294;0.1495469
1144;-0.000480795;1.513541;0.1498078
1145;-0.001005031;1.514205;0.1501592
1146;-0.001396289;1.514423;0.1505935
1147;-0.001846117;1.514967;0.1508466
1148;-0.002123868;1.515405;0.150548
1149;-0.00248953;1.515536;0.1501319
1150;-0.002749966;1.515745;0.1503067
1151;-0.003115335;1.515273;0.1503561
1152;-0.003340357;1.515028;0.1503563
1153;-0.003540511;1.514865;0.1501883
1154;-0.003774799;1.514505;0.1495203
1155;-0.003832761;1.514133;0.1492218
1156;-0.003928853;1.512611;0.1493714
1157;-0.003829035;1.512596;0.1491912
1158;-0.003941168;1.512163;0.1488703
1159;-0.003890232;1.512129;0.1486264
1160;-0.003808178;1.512137;0.1484004
1161;-0.003584552;1.51205;0.1482963
1162;-0.003452867;1.512083;0.1482773
1163;-0.003269558;1.51236;0.147908
1164;-0.003234239;1.512509;0.147461
1165;-0.00316048;1.512382;0.1470257
1166;-0.003198314;1.512282;0.1470374
1167;-0.003397757;1.512395;0.1468082
1168;-0.00353052;1.512521;0.14649
1169;-0.00370107;1.512625;0.1461148
1170;-0.003779873;1.512601;0.145594
1171;-0.003686987;1.512581;0.1454092
1172;-0.003411957;1.513047;0.144346
1173;-0.003303093;1.512745;0.1443031
1174;-0.003087886;1.512423;0.1440555
1175;-0.002843848;1.511986;0.1441489
1176;-0.002547008;1.511586;0.1441757
1177;-0.0019324;1.511586;0.1432779
1178;-0.001766217;1.511227;0.142966
1179;-0.0013885;1.509942;0.1431152
1180;-0.001293595;1.509209;0.1435996
1181;-0.001072737;1.509276;0.1435695
1182;-0.0007019481;1.509705;0.1431922
1183;-9.454551E-05;1.50958;0.1428797
1184;9.297479E-05;1.509756;0.1425782
1185;0.000303967;1.509703;0.1424477
1186;0.0007541892;1.509259;0.1424431
1187;0.0009666641;1.509133;0.1422556
1188;0.001351265;1.509143;0.1411055
1189;0.001549158;1.50904;0.1409746
1190;0.001873985;1.509091;0.1406982
1191;0.002027012;1.509381;0.1405816
1192;0.002454791;1.511318;0.1396168
1193;0.002725994;1.511674;0.1396441
1194;0.003101162;1.51182;0.1399927
1195;0.003758206;1.512816;0.140495
1196;0.003995073;1.513724;0.1400897
1197;0.004483273;1.514977;0.1392325
1198;0.004706932;1.515229;0.1391329
1199;0.004909573;1.514622;0.1397228
1200;0.004990517;1.514425;0.1397389
1201;0.005335794;1.514754;0.1393132
1202;0.005474599;1.514451;0.1390169
1203;0.005670608;1.514133;0.1387476
1204;0.006141492;1.513347;0.1386631
1205;0.006385328;1.513069;0.1386776
1206;0.006645421;1.513027;0.1383986
1207;0.006729638;1.513149;0.1382044
1208;0.006880486;1.513043;0.1383821
1209;0.006882593;1.51287;0.1386455
1210;0.006749627;1.512998;0.1389785
1211;0.006717503;1.513305;0.1389107
1212;0.006639613;1.513637;0.1387103
1213;0.006488639;1.513713;0.1387991
1214;0.00642959;1.513518;0.139237
1215;0.006379823;1.513719;0.1404441
1216;0.006314252;1.513517;0.1406357
1217;0.006187141;1.513829;0.1405754
1218;0.006074066;1.513681;0.140641
1219;0.005971822;1.513254;0.1408401
1220;0.005784244;1.512292;0.1411988
1221;0.005690224;1.512024;0.1412214
1222;0.005553594;1.511626;0.141376
1223;0.005517881;1.511443;0.1416734
1224;0.005338799;1.512052;0.1425759
1225;0.005299547;1.511906;0.1426044
1226;0.005257987;1.513049;0.1426867
1227;0.00524281;1.513504;0.1426068
1228;0.005206898;1.513668;0.1426873
1229;0.005108051;1.51319;0.1435607
1230;0.005184468;1.512416;0.1444255
1231;0.005257755;1.512339;0.144856
1232;0.005291657;1.512196;0.1452178
1233;0.005165457;1.512284;0.1458742
1234;0.005184696;1.512612;0.1460202
1235;0.005345193;1.513123;0.1462379
1236;0.005494114;1.513762;0.1459825
1237;0.005741904;1.514388;0.1456238
1238;0.006699753;1.514488;0.1455615
1239;0.006756927;1.514798;0.145567
1240;0.007221782;1.514546;0.1458257
1241;0.007407966;1.514551;0.1459032
1242;0.007680374;1.51486;0.1456389
1243;0.007795474;1.515039;0.1453436
1244;0.007969193;1.515147;0.1451288
1245;0.008457099;1.51471;0.1453304
1246;0.008765287;1.51448;0.1456061
1247;0.009476036;1.514586;0.145791
1248;0.009984436;1.515147;0.1453464
1249;0.01011996;1.514654;0.145394
1250;0.01046591;1.514826;0.1453453
1251;0.01057154;1.51456;0.1454107
1252;0.0105884;1.514594;0.1452165
1253;0.01064262;1.51469;0.1449326
1254;0.0107871;1.514717;0.1447128
1255;0.0107804;1.514781;0.1448365
1256;0.01049224;1.515649;0.1445557
1257;0.01034109;1.516604;0.1435949
1258;0.01076781;1.51585;0.1431588
1259;0.01084893;1.515259;0.1433431
1260;0.01098914;1.515518;0.1429719
1261;0.01115479;1.515442;0.1427966
1262;0.01137553;1.515485;0.1425078
1263;0.01175457;1.515514;0.1420112
1264;0.01183119;1.515304;0.1420461
1265;0.01194284;1.515119;0.1421145
1266;0.01203739;1.515297;0.1419621
1267;0.01203037;1.515959;0.1413549
1268;0.01191319;1.516197;0.1410725
1269;0.01178622;1.516215;0.1409331
1270;0.01153661;1.516015;0.1409495
1271;0.01142253;1.516046;0.1408165
1272;0.0112602;1.516003;0.1403239
1273;0.0112514;1.51552;0.1403773
1274;0.01134566;1.512743;0.1422191
1275;0.01123217;1.512436;0.1424246
1276;0.01086458;1.512202;0.1423137
1277;0.01062473;1.511918;0.1421339
1278;0.01045219;1.511646;0.1418857
1279;0.01008857;1.511289;0.1412852
1280;0.009846705;1.511214;0.1409201
1281;0.009709736;1.511131;0.1403922
1282;0.009717725;1.510932;0.1401725
1283;0.00959523;1.510619;0.139983
1284;0.009716161;1.510674;0.1400352
1285;0.009793335;1.511171;0.1401486
1286;0.009735453;1.511687;0.1400575
1287;0.009682131;1.512193;0.1398676
1288;0.009554132;1.512888;0.139436
1289;0.009492354;1.513076;0.1392046
1290;0.009549364;1.513402;0.1388417
1291;0.009735861;1.513739;0.138463
1292;0.009603445;1.514022;0.1381167
1293;0.009521063;1.514196;0.1380906
1294;0.00952846;1.514444;0.1378102
1295;0.009311053;1.514863;0.1374635
1296;0.009079113;1.514962;0.1370122
1297;0.00897615;1.515081;0.1365191
1298;0.008904483;1.514982;0.1363018
1299;0.008929327;1.515101;0.1357047
1300;0.009161334;1.515305;0.135378
1301;0.009132023;1.515186;0.1351796
1302;0.009183452;1.515052;0.1352962
1303;0.009234892;1.514933;0.1354662
1304;0.009292888;1.51501;0.1354332
1305;0.009294288;1.515082;0.1352637
1306;0.009273723;1.514962;0.1349619
1307;0.009249244;1.51487;0.1348694
1308;0.00934835;1.514947;0.1346027
1309;0.009422369;1.515117;0.1343983
1310;0.009422377;1.515166;0.1340917
1311;0.009438457;1.515112;0.1340288
1312;0.009424094;1.515079;0.1339981
1313;0.00920411;1.515465;0.1337485
1314;0.009013232;1.515643;0.133649
1315;0.008772735;1.515708;0.1336629
1316;0.00868481;1.515694;0.1338589
1317;0.008642607;1.516217;0.1342438
1318;0.008624723;1.516832;0.1341215
1319;0.008630187;1.517449;0.1338703
1320;0.008239648;1.51802;0.1332418
1321;0.008073324;1.518429;0.133037
1322;0.00748867;1.518505;0.1333569
1323;0.007156384;1.51874;0.1333161
1324;0.006519712;1.519134;0.1330716
1325;0.006276112;1.519028;0.1333262
1326;0.005859647;1.519361;0.1335273
1327;0.005710472;1.519411;0.1337738
1328;0.005559577;1.519473;0.1339451
1329;0.005354401;1.519364;0.1344
1330;0.005279917;1.519214;0.1347915
1331;0.005107389;1.519358;0.1353534
1332;0.004875029;1.519745;0.1353647
1333;0.004632443;1.520595;0.1353369
1334;0.004676186;1.520912;0.1355434
1335;0.004708972;1.521192;0.1358581
1336;0.00489353;1.522267;0.1366481
1337;0.00494835;1.522688;0.1365903
1338;0.005269381;1.522827;0.1367363
1339;0.005504076;1.523243;0.1370111
1340;0.005541805;1.523089;0.1372579
1341;0.005507928;1.522907;0.1374053
1342;0.00538575;1.522565;0.1375907
1343;0.005290365;1.522383;0.137761
1344;0.005182304;1.522167;0.1380386
1345;0.005167052;1.522382;0.1385666
1346;0.005082674;1.522872;0.1387656
1347;0.005185775;1.52527;0.1383929
1348;0.005201167;1.525535;0.1385466
1349;0.00553681;1.525718;0.1392574
1350;0.00574692;1.526003;0.1394066
1351;0.006139008;1.526641;0.1391906
1352;0.006192486;1.526882;0.1393378
1353;0.006359173;1.526762;0.1392396
1354;0.006491108;1.525817;0.139452
1355;0.006503484;1.525347;0.1396203
1356;0.006548994;1.525046;0.139579
1357;0.006550258;1.525209;0.1393263
1358;0.006540274;1.525315;0.1390441
1359;0.00666248;1.525114;0.1393259
1360;0.0069313;1.525116;0.1400366
1361;0.007010973;1.525615;0.1401245
1362;0.00713645;1.526275;0.139969
1363;0.007376166;1.527035;0.1395204
1364;0.007440125;1.527139;0.1393452
1365;0.007285004;1.526703;0.1390184
1366;0.007260159;1.526465;0.1388231
1367;0.007293454;1.526023;0.1380074
1368;0.007400728;1.525644;0.1377461
1369;0.007540827;1.525274;0.1377509
1370;0.00800329;1.525046;0.1385156
1371;0.008174194;1.525663;0.1386834
1372;0.008340719;1.5272;0.1382816
1373;0.008072075;1.52764;0.1376935
1374;0.008024139;1.52767;0.1375663
1375;0.007796866;1.527292;0.1375356
1376;0.007566977;1.526834;0.1372377
1377;0.00756589;1.526834;0.1368961
1378;0.007594706;1.526836;0.1366561
1379;0.007791893;1.526428;0.1370661
1380;0.007994638;1.526231;0.1377188
1381;0.008177985;1.526861;0.1382602
1382;0.008236236;1.527399;0.138112
1383;0.008252167;1.527839;0.1377045
1384;0.008153982;1.527586;0.13758
1385;0.008011285;1.527234;0.1375083
1386;0.007644789;1.526404;0.1371606
1387;0.007476145;1.526105;0.1368516
1388;0.007237214;1.525325;0.1367706
1389;0.007235713;1.524953;0.1371878
1390;0.00750004;1.525282;0.1379657
1391;0.007587965;1.526141;0.1380608
1392;0.008017165;1.528197;0.1379955
1393;0.008078241;1.528115;0.1384264
1394;0.008078227;1.527899;0.1389471
1395;0.007875473;1.528278;0.1392073
1396;0.007792887;1.528438;0.1392009
1397;0.007709616;1.528735;0.1395748
1398;0.007603542;1.528681;0.1398258
1399;0.007691117;1.528191;0.1412811
1400;0.007915668;1.528666;0.1414544
1401;0.008091228;1.528971;0.1413051
1402;0.007999614;1.52892;0.1416944
1403;0.007982702;1.528798;0.1417457
1404;0.00772613;1.527911;0.1420194
1405;0.007553377;1.527655;0.1420432
1406;0.006994659;1.52771;0.1417259
1407;0.006746826;1.527871;0.1415699
1408;0.006458882;1.528247;0.1416576
1409;0.006502319;1.528462;0.1419375
1410;0.00682393;1.52952;0.1423769
1411;0.006871043;1.5307;0.1421928
1412;0.006813821;1.530838;0.1422767
1413;0.006756684;1.531083;0.1426836
1414;0.006716943;1.530889;0.143096
1415;0.00651158;1.531043;0.1435883
1416;0.006379627;1.531229;0.1437253
1417;0.006446199;1.530595;0.1449469
1418;0.006353319;1.530152;0.1456835
1419;0.006213128;1.530115;0.146267
1420;0.006003955;1.530242;0.1467112
1421;0.005822898;1.529967;0.1466483
1422;0.005608164;1.528944;0.1468349
1423;0.005506577;1.52817;0.1471448
1424;0.005319916;1.526492;0.147442
1425;0.005432632;1.526182;0.1472781
1426;0.005597974;1.525239;0.1472326
1427;0.005731243;1.524992;0.1476394
1428;0.005878564;1.524741;0.1478616
1429;0.006121884;1.524981;0.1479459
1430;0.006233565;1.524449;0.1480949
1431;0.006643155;1.524772;0.147868
1432;0.006838091;1.52473;0.1478522
1433;0.007299247;1.524347;0.1480711
1434;0.007495992;1.524202;0.1481283
1435;0.007698654;1.524123;0.1477566
1436;0.007716909;1.524192;0.1475424
1437;0.007688005;1.524294;0.147442
1438;0.007504389;1.524738;0.1473931
1439;0.007393979;1.525117;0.1473291
1440;0.007277486;1.526015;0.1472906
1441;0.007182482;1.526349;0.1473375
1442;0.007025952;1.526567;0.1479081
1443;0.006973788;1.526626;0.1482886
1444;0.006884478;1.526769;0.1484561
1445;0.006710305;1.527001;0.1483747
1446;0.006680648;1.526937;0.1483784
1447;0.006603111;1.526072;0.1486195
1448;0.006563562;1.525519;0.1487674
1449;0.006512054;1.524674;0.1487339
1450;0.006487185;1.524234;0.1486545
1451;0.006170673;1.522963;0.1490182
1452;0.006111771;1.522683;0.1492986
1453;0.006116305;1.522864;0.149331
1454;0.00596658;1.522504;0.1492013
1455;0.005943222;1.522619;0.1489913
1456;0.006014129;1.522427;0.149064
1457;0.006092836;1.522247;0.1492566
1458;0.006187649;1.52248;0.1492614
1459;0.006262159;1.522838;0.1490057
1460;0.006468445;1.52351;0.1484804
1461;0.006531176;1.52363;0.1483463
1462;0.006666511;1.523575;0.1484182
1463;0.007104697;1.523333;0.1488422
1464;0.007353769;1.523349;0.14892
1465;0.007767267;1.523468;0.1487285
1466;0.007924739;1.523344;0.148607
1467;0.008183717;1.522733;0.1482041
1468;0.008254224;1.522383;0.1478593
1469;0.008305291;1.521608;0.1468788
1470;0.009048178;1.51992;0.1462037
1471;0.009151559;1.519422;0.1457554
1472;0.00926716;1.51842;0.1449914
1473;0.00940245;1.518064;0.1446819
1474;0.009888187;1.517572;0.1439402
1475;0.01005183;1.517052;0.1435847
1476;0.01031141;1.516038;0.1434122
1477;0.01043348;1.515788;0.1433442
1478;0.01063845;1.515647;0.1431532
1479;0.01106696;1.515229;0.1427432
1480;0.01128499;1.515054;0.1422164
1481;0.01101953;1.514479;0.1414062
1482;0.01102031;1.513715;0.1415215
1483;0.01072389;1.512633;0.1414395
1484;0.01042251;1.512867;0.1413244
1485;0.0102292;1.513057;0.1409008
1486;0.01007077;1.512755;0.1405936
1487;0.009985653;1.512781;0.1405488
1488;0.009634411;1.51288;0.1407165
1489;0.009438498;1.51306;0.1406956
1490;0.009191177;1.513458;0.1404454
1491;0.009012775;1.513519;0.1403129
1492;0.008529499;1.513346;0.1406842
1493;0.008309703;1.513423;0.1409952
1494;0.008075577;1.513727;0.1411199
1495;0.007462749;1.514485;0.1411033
1496;0.007167719;1.514393;0.1414886
1497;0.006284818;1.513613;0.1431976
1498;0.005938539;1.513823;0.1432248
1499;0.005134324;1.513844;0.1433368
1500;0.004712299;1.51371;0.1435385
1501;0.003985025;1.513787;0.1438695
1502;0.0036787;1.51423;0.1438485
1503;0.003343747;1.514737;0.1438354
1504;0.002645636;1.515017;0.1442211
1505;0.002448514;1.515142;0.1446685
1506;0.002059419;1.515583;0.1457617
1507;0.001807924;1.5163;0.1461547
1508;0.001079089;1.517653;0.1462244
1509;0.0008459827;1.517969;0.1463627
1510;0.0003340209;1.518092;0.1472648
1511;0.0001230203;1.51814;0.1478629
1512;-9.380846E-05;1.518536;0.1483264
1513;-0.0003058961;1.519828;0.1486179
1514;-0.0002876425;1.520259;0.1488657
1515;-0.0002135374;1.52095;0.1499435
1516;-0.0002109382;1.521449;0.1504627
1517;-0.0002648565;1.523288;0.1508052
1518;-0.0002443912;1.524071;0.1507575
1519;-0.000223559;1.524194;0.1508469
1520;-7.747748E-06;1.523439;0.1520016
1521;-4.423933E-05;1.523288;0.1525934
1522;-0.0003433793;1.523711;0.1528854
1523;-0.0004217309;1.524155;0.1527415
1524;-0.0004964264;1.524235;0.1529755
1525;-0.0005514529;1.52403;0.1531518
1526;-0.0005140932;1.522358;0.1553038
1527;-0.0005150074;1.523;0.1554578
1528;-0.000530832;1.523626;0.1553242
1529;-0.000578855;1.523515;0.1557389
1530;-0.0005803084;1.523455;0.1557575
1531;-0.0005942599;1.522395;0.1558857
1532;-0.0006409122;1.521864;0.1558478
1533;-0.0006217702;1.521059;0.1554518
1534;-0.0005914273;1.5207;0.1553318
1535;-0.0002455495;1.520042;0.1568055
1536;-0.0001440127;1.520715;0.1573602
1537;-6.670245E-05;1.521752;0.1575925
1538;0.00024855;1.523058;0.1577805
1539;0.0004470824;1.52319;0.157985
1540;0.0004458078;1.522042;0.1588695
1541;0.0005110112;1.521761;0.1591744
1542;0.0006617166;1.521868;0.1594279
1543;0.0007155137;1.521688;0.1593132
1544;0.000836089;1.52159;0.1591429
1545;0.001148997;1.521527;0.1593301
1546;0.001434347;1.521677;0.159887
1547;0.002078732;1.524832;0.1608078
1548;0.002221365;1.525731;0.1608873
1549;0.002593195;1.526534;0.1617786
1550;0.002806594;1.52652;0.1625068
1551;0.00279539;1.527533;0.1630436
1552;0.002698641;1.528126;0.1627685
1553;0.002661376;1.52856;0.1623759
1554;0.002725043;1.528035;0.1625384
1555;0.002692878;1.528734;0.16268
1556;0.002738878;1.52809;0.1632303
1557;0.002763567;1.528076;0.163348
1558;0.002961735;1.528453;0.1631972
1559;0.003195977;1.528457;0.1631969
1560;0.003763975;1.527861;0.16382
1561;0.003943722;1.527659;0.1642854
1562;0.004059497;1.528114;0.1646763
1563;0.004359437;1.528413;0.164851
1564;0.004491795;1.528872;0.1647655
1565;0.004675614;1.529602;0.1646988
1566;0.004708237;1.529842;0.1648334
1567;0.004734719;1.530234;0.1648002
1568;0.004795279;1.530302;0.1645916
1569;0.004854967;1.530125;0.1643029
1570;0.004942735;1.529277;0.1640017
1571;0.004840505;1.528733;0.1639764
1572;0.004587739;1.527897;0.1639985
1573;0.004462217;1.527745;0.1638965
1574;0.004194911;1.527838;0.163466
1575;0.004068901;1.527923;0.1632796
1576;0.003788608;1.528154;0.1631727
1577;0.003708004;1.528478;0.1629955
1578;0.003650532;1.5288;0.1627438
1579;0.003694576;1.528611;0.1627561
1580;0.003722217;1.527912;0.1631283
1581;0.003834;1.52402;0.1649928
1582;0.003823467;1.521984;0.1653063
1583;0.003699616;1.515039;0.1660483
1584;0.003499103;1.509604;0.166649
1585;0.002823092;1.496449;0.1682828
1586;0.00274886;1.488829;0.1691348
1587;0.002822564;1.480926;0.1695628
1588;0.002823674;1.463602;0.169866
1589;0.002813705;1.454053;0.1700853
1590;0.003044575;1.432627;0.1708328
1591;0.003304694;1.421734;0.1712465
1592;0.003713596;1.399341;0.1715983
1593;0.003953435;1.387846;0.1715423
1594;0.004114518;1.376241;0.1715253
1595;0.00411657;1.352068;0.1710677
1596;0.004205176;1.340153;0.1707041
1597;0.004281593;1.315845;0.169632
1598;0.004406735;1.304;0.1689246
1599;0.00500382;1.280728;0.1669376
1600;0.005301854;1.269334;0.1657239
1601;0.006314348;1.247088;0.1624346
1602;0.007206675;1.236281;0.1604727
1603;0.00804637;1.225545;0.1582471
1604;0.01002248;1.204988;0.1531011
1605;0.0110472;1.195303;0.1499156
1606;0.01364132;1.17714;0.1425326
1607;0.01515066;1.16887;0.1381312
1608;0.01842923;1.153335;0.128565
1609;0.02031518;1.146155;0.1233393
1610;0.02461235;1.133018;0.1127455
1611;0.02687877;1.127161;0.1072485
1612;0.02925651;1.121819;0.1015465
1613;0.03374371;1.112368;0.09037375
1614;0.03605376;1.108474;0.08483019
1615;0.04145007;1.101745;0.0745452
1616;0.04396308;1.098705;0.0696711
1617;0.0488049;1.093548;0.06063726
1618;0.05113163;1.091712;0.05628295
1619;0.05341234;1.090031;0.0519636
1620;0.05805015;1.088058;0.04475978
1621;0.06040572;1.08756;0.04167999
1622;0.06493072;1.086776;0.03536503
1623;0.06698388;1.086424;0.03241841
1624;0.07124786;1.085726;0.02751741
1625;0.07358262;1.085228;0.02565498
1626;0.07773107;1.084463;0.0226723
1627;0.07965818;1.084326;0.02108466
1628;0.08152809;1.084401;0.01938406
1629;0.08513089;1.084938;0.01594824
1630;0.08691352;1.085249;0.01436201
1631;0.09055621;1.0855;0.01160221
1632;0.09226583;1.085599;0.01020018
1633;0.09536973;1.085273;0.007252244
1634;0.09693703;1.085251;0.005972931
1635;0.09992526;1.085343;0.003462968
1636;0.1012685;1.085355;0.002502237
1637;0.1024381;1.085319;0.001704186
1638;0.1047093;1.085004;0.0001877436
1639;0.1056784;1.084833;-0.0006645189
1640;0.1070777;1.084881;-0.002507841
1641;0.1076316;1.084903;-0.003388708
1642;0.1087424;1.084865;-0.005652806
1643;0.1091133;1.084676;-0.007165116
1644;0.1093413;1.084459;-0.008799876
1645;0.10942;1.084159;-0.01205285
1646;0.1093201;1.084154;-0.01378623
1647;0.1087917;1.084148;-0.01727395
1648;0.1083359;1.084009;-0.01908351
1649;0.1069062;1.083612;-0.02302581
1650;0.1060238;1.083428;-0.02516335
1651;0.1041067;1.08267;-0.02901679
1652;0.1031292;1.082099;-0.03079322
1653;0.1020461;1.081402;-0.03256916
1654;0.09969179;1.079912;-0.03595785
1655;0.09857825;1.079365;-0.03771304
1656;0.0959895;1.078139;-0.04130642
1657;0.09442163;1.077461;-0.04311062
1658;0.09136711;1.076464;-0.04643214
1659;0.08983265;1.076015;-0.04803872
1660;0.08633859;1.075416;-0.05132075
1661;0.08458659;1.075079;-0.05273987
1662;0.08281799;1.07473;-0.05409988
1663;0.07906156;1.073973;-0.0566178
1664;0.07718796;1.07373;-0.0578195
1665;0.07356134;1.073272;-0.06011306
1666;0.07175323;1.073223;-0.06109368
1667;0.06825148;1.073364;-0.06306496
1668;0.06645497;1.073537;-0.06383265
1669;0.06468602;1.073586;-0.06444144
1670;0.06101326;1.073623;-0.06513102
1671;0.05925697;1.073726;-0.06534573
1672;0.05567419;1.073955;-0.06547362
1673;0.05394246;1.074122;-0.06549434
1674;0.05063287;1.074644;-0.06568808
1675;0.04891819;1.075068;-0.06561527
1676;0.04536961;1.075933;-0.06538064
1677;0.0435678;1.076177;-0.06510327
1678;0.04180025;1.076339;-0.06480198
1679;0.03842347;1.076905;-0.06419902
1680;0.0367447;1.077243;-0.06391154
1681;0.03341909;1.077994;-0.063122
1682;0.03192966;1.078434;-0.06270922
1683;0.02885459;1.079683;-0.06178829
1684;0.02742635;1.080288;-0.06125261
1685;0.02457015;1.081367;-0.0601082
1686;0.02315291;1.081739;-0.05983489
1687;0.0218582;1.08199;-0.05971394
1688;0.01944833;1.082097;-0.05923244
1689;0.01846908;1.082148;-0.05905356
1690;0.0163047;1.082184;-0.0591391
1691;0.01534634;1.082192;-0.05916232
1692;0.01375022;1.082155;-0.05895352
1693;0.0131118;1.082316;-0.05903766
1694;0.0124446;1.082504;-0.05907878
1695;0.01161939;1.082899;-0.0593951
1696;0.01134728;1.082968;-0.0595344
1697;0.01092559;1.083149;-0.05969707
1698;0.01080703;1.083306;-0.05991733
1699;0.01072682;1.083821;-0.06025618
1700;0.01064469;1.083964;-0.06051802
1701;0.01070283;1.084086;-0.06082476
1702;0.01049299;1.08431;-0.06100023
1703;0.0105151;1.084365;-0.06117748
1704;0.01065278;1.08456;-0.06139527
1705;0.01079268;1.084765;-0.06139833
1706;0.01113308;1.08545;-0.06123048
1707;0.01118102;1.085713;-0.06120841
1708;0.01118459;1.085912;-0.06106688
1709;0.0111759;1.085958;-0.06097485
1710;0.01123932;1.086284;-0.0608504
1711;0.0113035;1.08644;-0.06073152
1712;0.01150428;1.086655;-0.06064093
1713;0.01161319;1.086809;-0.06055161
1714;0.01173253;1.086783;-0.06047354
1715;0.01217211;1.086706;-0.06018488
1716;0.01240786;1.08674;-0.06012391
1717;0.01283707;1.086955;-0.05999432
1718;0.01302134;1.08708;-0.05985871
1719;0.01317064;1.087138;-0.05970896
1720;0.01332248;1.087165;-0.05943797
1721;0.01341875;1.08723;-0.05935239
1722;0.01365721;1.087325;-0.0592394
1723;0.01372336;1.087248;-0.05916791
1724;0.01398284;1.087104;-0.05897006
1725;0.01415868;1.087092;-0.05887138
1726;0.01448027;1.087174;-0.05866312
1727;0.01463924;1.087232;-0.05856356
1728;0.01479846;1.08731;-0.05849223
1729;0.01511668;1.087533;-0.05852839
1730;0.01526562;1.087643;-0.05863137
1731;0.01580326;1.087875;-0.05890599
1732;0.01620673;1.087878;-0.05919682
1733;0.01682974;1.08787;-0.05920082
1734;0.0171237;1.087739;-0.05921951
1735;0.01785655;1.087714;-0.05986597
1736;0.01834265;1.087691;-0.06016329
1737;0.01882494;1.087629;-0.06046382
1738;0.01946366;1.087428;-0.06107069
1739;0.01976216;1.087323;-0.06126671
1740;0.02032591;1.087013;-0.06142133
1741;0.02054768;1.086867;-0.06158463
1742;0.02109291;1.086741;-0.06195734
1743;0.02115305;1.086645;-0.0622803
1744;0.02127887;1.086556;-0.06264792
1745;0.02150054;1.086468;-0.0628854
1746;0.02167007;1.086294;-0.06291036
1747;0.02198069;1.086;-0.06280023
1748;0.02212968;1.08592;-0.06285572
1749;0.02250361;1.085804;-0.06293
1750;0.02270171;1.085757;-0.06298101
1751;0.02298527;1.085664;-0.06301348
1752;0.02312472;1.085627;-0.06293354
1753;0.02324797;1.085588;-0.06281386
1754;0.02339484;1.085547;-0.06239076
1755;0.02341552;1.085499;-0.06209005
1756;0.02341747;1.085515;-0.06144001
1757;0.02344215;1.085585;-0.06113202
1758;0.02332365;1.085899;-0.06008341
1759;0.02327404;1.086009;-0.05965634
